{
  "dataset_size": 1000000,
  "dimension": 512,
  "timestamp": "2025-10-01 07:33:00 UTC",
  "insert_single": {
    "operation": "Insert Single",
    "config": "Sequential, no batching",
    "total_operations": 1000,
    "total_time_ms": 220.0,
    "throughput_ops_per_sec": 4545.454545454545,
    "avg_latency_us": 219.474,
    "p50_latency_us": 223.0,
    "p95_latency_us": 295.0,
    "p99_latency_us": 317.0,
    "min_latency_us": 6.0,
    "max_latency_us": 376.0,
    "memory_before_mb": 0.0,
    "memory_after_mb": 1.959695816040039,
    "memory_delta_mb": 1.959695816040039
  },
  "insert_batch": {
    "operation": "Insert Batch",
    "config": "Batch sizes: [100, 500, 1000], parallel",
    "total_operations": 16000,
    "total_time_ms": 3792.0,
    "throughput_ops_per_sec": 4219.409282700422,
    "avg_latency_us": 125700.6,
    "p50_latency_us": 110952.0,
    "p95_latency_us": 272991.0,
    "p99_latency_us": 287982.0,
    "min_latency_us": 5428.0,
    "max_latency_us": 287982.0,
    "memory_before_mb": 0.0,
    "memory_after_mb": 0.0,
    "memory_delta_mb": 0.0
  },
  "search_k1": {
    "operation": "Search k=1",
    "config": "1000 queries on 1000000 vectors",
    "total_operations": 1000,
    "total_time_ms": 264458.0,
    "throughput_ops_per_sec": 3.7813187727351787,
    "avg_latency_us": 264456.784,
    "p50_latency_us": 262955.0,
    "p95_latency_us": 279708.0,
    "p99_latency_us": 292769.0,
    "min_latency_us": 246965.0,
    "max_latency_us": 308516.0,
    "memory_before_mb": 1962.5557804107666,
    "memory_after_mb": 1962.5557804107666,
    "memory_delta_mb": 0.0
  },
  "search_k10": {
    "operation": "Search k=10",
    "config": "1000 queries on 1000000 vectors",
    "total_operations": 1000,
    "total_time_ms": 302782.0,
    "throughput_ops_per_sec": 3.3027062374910003,
    "avg_latency_us": 302781.185,
    "p50_latency_us": 301231.0,
    "p95_latency_us": 333851.0,
    "p99_latency_us": 355714.0,
    "min_latency_us": 270596.0,
    "max_latency_us": 374187.0,
    "memory_before_mb": 1962.5557804107666,
    "memory_after_mb": 1962.5557804107666,
    "memory_delta_mb": 0.0
  },
  "search_k100": {
    "operation": "Search k=100",
    "config": "1000 queries on 1000000 vectors",
    "total_operations": 1000,
    "total_time_ms": 285942.0,
    "throughput_ops_per_sec": 3.4972127214609956,
    "avg_latency_us": 285941.387,
    "p50_latency_us": 283121.0,
    "p95_latency_us": 315873.0,
    "p99_latency_us": 350824.0,
    "min_latency_us": 260126.0,
    "max_latency_us": 412789.0,
    "memory_before_mb": 1962.5557804107666,
    "memory_after_mb": 1962.5557804107666,
    "memory_delta_mb": 0.0
  },
  "update_single": {
    "operation": "Update Single",
    "config": "Sequential updates",
    "total_operations": 500,
    "total_time_ms": 0.0,
    "throughput_ops_per_sec": null,
    "avg_latency_us": 0.228,
    "p50_latency_us": 0.0,
    "p95_latency_us": 1.0,
    "p99_latency_us": 1.0,
    "min_latency_us": 0.0,
    "max_latency_us": 4.0,
    "memory_before_mb": 1962.5557804107666,
    "memory_after_mb": 1961.575984954834,
    "memory_delta_mb": 17592186044415.02
  },
  "update_batch": {
    "operation": "Update Batch",
    "config": "Batch size: 100, parallel",
    "total_operations": 1000,
    "total_time_ms": 527.0,
    "throughput_ops_per_sec": 1897.5332068311195,
    "avg_latency_us": 52668.8,
    "p50_latency_us": 79.0,
    "p95_latency_us": 525997.0,
    "p99_latency_us": 525997.0,
    "min_latency_us": 63.0,
    "max_latency_us": 525997.0,
    "memory_before_mb": 1962.5557804107666,
    "memory_after_mb": 1962.5557804107666,
    "memory_delta_mb": 0.0
  },
  "delete_single": {
    "operation": "Delete Single",
    "config": "Sequential deletes",
    "total_operations": 500,
    "total_time_ms": 0.0,
    "throughput_ops_per_sec": null,
    "avg_latency_us": 0.026,
    "p50_latency_us": 0.0,
    "p95_latency_us": 0.0,
    "p99_latency_us": 1.0,
    "min_latency_us": 0.0,
    "max_latency_us": 3.0,
    "memory_before_mb": 1962.5557804107666,
    "memory_after_mb": 1961.575984954834,
    "memory_delta_mb": 17592186044415.02
  },
  "delete_batch": {
    "operation": "Delete Batch",
    "config": "Batch size: 100",
    "total_operations": 1000,
    "total_time_ms": 0.0,
    "throughput_ops_per_sec": null,
    "avg_latency_us": 46.3,
    "p50_latency_us": 46.0,
    "p95_latency_us": 56.0,
    "p99_latency_us": 56.0,
    "min_latency_us": 42.0,
    "max_latency_us": 56.0,
    "memory_before_mb": 1962.5557804107666,
    "memory_after_mb": 1960.5960845947266,
    "memory_delta_mb": 17592186044414.041
  },
  "concurrent_mixed": {
    "operation": "Concurrent Mixed",
    "config": "70% search, 20% insert, 10% delete",
    "total_operations": 1000,
    "total_time_ms": 261971.0,
    "throughput_ops_per_sec": 3.817216409449901,
    "avg_latency_us": 261969.706,
    "p50_latency_us": 360430.0,
    "p95_latency_us": 405325.0,
    "p99_latency_us": 413775.0,
    "min_latency_us": 0.0,
    "max_latency_us": 420888.0,
    "memory_before_mb": 1962.5557804107666,
    "memory_after_mb": 1962.7478303909302,
    "memory_delta_mb": 0.19204998016357422
  }
}