{
  "qdrant": {
    "insertion": {
      "avg_latency_ms": 0.13019839999999927,
      "p50_latency_ms": 0.11689999999999998,
      "p95_latency_ms": 0.177105,
      "p99_latency_ms": 0.42906999999999995,
      "throughput_vectors_per_sec": 7680.585936539927,
      "total_time_ms": 65.0992,
      "total_vectors": 500
    },
    "memory": {
      "memory_per_vector_bytes": 0.0,
      "memory_usage_mb": 0.0
    },
    "quality": {
      "f1_score": 1.0,
      "precision_at_10": 1.0,
      "recall_at_10": 1.0
    },
    "search": {
      "avg_latency_ms": 1.0601909999999999,
      "p50_latency_ms": 0.857,
      "p95_latency_ms": 1.214,
      "p99_latency_ms": 2.426,
      "throughput_queries_per_sec": 943.2262677196844,
      "total_queries": 100,
      "total_time_ms": 106.01910000000001
    },
    "system_name": "Qdrant"
  },
  "timestamp": "2025-11-24T20:42:12.238383400+00:00",
  "vectorizer": {
    "insertion": {
      "avg_latency_ms": 0.2120224000000005,
      "p50_latency_ms": 0.20875500000000002,
      "p95_latency_ms": 0.23695,
      "p99_latency_ms": 0.243255,
      "throughput_vectors_per_sec": 4716.482786724421,
      "total_time_ms": 106.0112,
      "total_vectors": 500
    },
    "memory": {
      "memory_per_vector_bytes": 0.0,
      "memory_usage_mb": 0.0
    },
    "quality": {
      "f1_score": 0.0,
      "precision_at_10": 0.0,
      "recall_at_10": 0.0
    },
    "search": {
      "avg_latency_ms": 0.16825400000000001,
      "p50_latency_ms": 0.1634,
      "p95_latency_ms": 0.2089,
      "p99_latency_ms": 0.23399999999999999,
      "throughput_queries_per_sec": 5943.395105019791,
      "total_queries": 100,
      "total_time_ms": 16.825400000000002
    },
    "system_name": "Vectorizer"
  }
}