{
  "scenarios": [
    {
      "batch_size": 50,
      "description": "Small dataset (1K vectors)",
      "dimension": 384,
      "qdrant": {
        "insertion": {
          "avg_latency_ms": 0.09367619999999968,
          "p50_latency_ms": 0.084694,
          "p95_latency_ms": 0.125422,
          "p99_latency_ms": 0.20629,
          "throughput_vectors_per_sec": 10675.070081835087,
          "total_time_ms": 93.6762,
          "total_vectors": 1000
        },
        "memory": {
          "memory_per_vector_bytes": 0.0,
          "memory_usage_mb": 0.0
        },
        "quality": {
          "f1_score": 1.0,
          "precision_at_10": 1.0,
          "recall_at_10": 1.0
        },
        "search": {
          "avg_latency_ms": 0.8447874999999999,
          "p50_latency_ms": 0.8146,
          "p95_latency_ms": 0.9851000000000001,
          "p99_latency_ms": 1.125,
          "throughput_queries_per_sec": 1183.729636151103,
          "total_queries": 200,
          "total_time_ms": 168.9575
        },
        "system_name": "Qdrant"
      },
      "query_count": 200,
      "vector_count": 1000,
      "vectorizer": {
        "insertion": {
          "avg_latency_ms": 0.22644850000000055,
          "p50_latency_ms": 0.22438199999999997,
          "p95_latency_ms": 0.243658,
          "p99_latency_ms": 0.244068,
          "throughput_vectors_per_sec": 4416.015120435773,
          "total_time_ms": 226.4485,
          "total_vectors": 1000
        },
        "memory": {
          "memory_per_vector_bytes": 0.0,
          "memory_usage_mb": 0.0
        },
        "quality": {
          "f1_score": 0.0,
          "precision_at_10": 0.0,
          "recall_at_10": 0.0
        },
        "search": {
          "avg_latency_ms": 0.15910449999999998,
          "p50_latency_ms": 0.1575,
          "p95_latency_ms": 0.18359999999999999,
          "p99_latency_ms": 0.2477,
          "throughput_queries_per_sec": 6285.17735199193,
          "total_queries": 200,
          "total_time_ms": 31.820899999999998
        },
        "system_name": "Vectorizer"
      }
    },
    {
      "batch_size": 100,
      "description": "Medium dataset (5K vectors)",
      "dimension": 384,
      "qdrant": {
        "insertion": {
          "avg_latency_ms": 0.07752263999999995,
          "p50_latency_ms": 0.075544,
          "p95_latency_ms": 0.098308,
          "p99_latency_ms": 0.104299,
          "throughput_vectors_per_sec": 12899.457500415363,
          "total_time_ms": 387.6132,
          "total_vectors": 5000
        },
        "memory": {
          "memory_per_vector_bytes": 0.0,
          "memory_usage_mb": 0.0
        },
        "quality": {
          "f1_score": 1.0,
          "precision_at_10": 1.0,
          "recall_at_10": 1.0
        },
        "search": {
          "avg_latency_ms": 0.7989201999999999,
          "p50_latency_ms": 0.7774,
          "p95_latency_ms": 0.9173,
          "p99_latency_ms": 1.0151,
          "throughput_queries_per_sec": 1251.689467859243,
          "total_queries": 500,
          "total_time_ms": 399.4601
        },
        "system_name": "Qdrant"
      },
      "query_count": 500,
      "vector_count": 5000,
      "vectorizer": {
        "insertion": {
          "avg_latency_ms": 1.1067974400000085,
          "p50_latency_ms": 0.208855,
          "p95_latency_ms": 9.19637,
          "p99_latency_ms": 18.062729,
          "throughput_vectors_per_sec": 903.5076915248376,
          "total_time_ms": 5533.9872000000005,
          "total_vectors": 5000
        },
        "memory": {
          "memory_per_vector_bytes": 0.0,
          "memory_usage_mb": 0.0
        },
        "quality": {
          "f1_score": 0.0,
          "precision_at_10": 0.0,
          "recall_at_10": 0.0
        },
        "search": {
          "avg_latency_ms": 0.1620450000000001,
          "p50_latency_ms": 0.1604,
          "p95_latency_ms": 0.188,
          "p99_latency_ms": 0.2186,
          "throughput_queries_per_sec": 6171.125304699312,
          "total_queries": 500,
          "total_time_ms": 81.0225
        },
        "system_name": "Vectorizer"
      }
    },
    {
      "batch_size": 200,
      "description": "Large dataset (10K vectors)",
      "dimension": 384,
      "qdrant": {
        "insertion": {
          "avg_latency_ms": 0.10858784000000186,
          "p50_latency_ms": 0.0963785,
          "p95_latency_ms": 0.1219035,
          "p99_latency_ms": 0.6065045,
          "throughput_vectors_per_sec": 9209.134282438992,
          "total_time_ms": 1085.8783999999998,
          "total_vectors": 10000
        },
        "memory": {
          "memory_per_vector_bytes": 0.0,
          "memory_usage_mb": 0.0
        },
        "quality": {
          "f1_score": 1.0,
          "precision_at_10": 1.0,
          "recall_at_10": 1.0
        },
        "search": {
          "avg_latency_ms": 0.8573102000000009,
          "p50_latency_ms": 0.8276,
          "p95_latency_ms": 1.034,
          "p99_latency_ms": 1.2550000000000001,
          "throughput_queries_per_sec": 1166.4389389044945,
          "total_queries": 1000,
          "total_time_ms": 857.3102
        },
        "system_name": "Qdrant"
      },
      "query_count": 1000,
      "vector_count": 10000,
      "vectorizer": {
        "insertion": {
          "avg_latency_ms": 2.279130400000026,
          "p50_latency_ms": 0.7211960000000001,
          "p95_latency_ms": 12.6674555,
          "p99_latency_ms": 15.933512,
          "throughput_vectors_per_sec": 438.7638372951368,
          "total_time_ms": 22791.304,
          "total_vectors": 10000
        },
        "memory": {
          "memory_per_vector_bytes": 0.0,
          "memory_usage_mb": 0.0
        },
        "quality": {
          "f1_score": 0.0,
          "precision_at_10": 0.0,
          "recall_at_10": 0.0
        },
        "search": {
          "avg_latency_ms": 0.1662534,
          "p50_latency_ms": 0.1639,
          "p95_latency_ms": 0.19010000000000002,
          "p99_latency_ms": 0.2314,
          "throughput_queries_per_sec": 6014.914582198018,
          "total_queries": 1000,
          "total_time_ms": 166.2534
        },
        "system_name": "Vectorizer"
      }
    },
    {
      "batch_size": 100,
      "description": "Medium dataset (512 dim)",
      "dimension": 512,
      "qdrant": {
        "insertion": {
          "avg_latency_ms": 0.10661270000000023,
          "p50_latency_ms": 0.10258899999999999,
          "p95_latency_ms": 0.136054,
          "p99_latency_ms": 0.149925,
          "throughput_vectors_per_sec": 9379.745565021803,
          "total_time_ms": 533.0635,
          "total_vectors": 5000
        },
        "memory": {
          "memory_per_vector_bytes": 0.0,
          "memory_usage_mb": 0.0
        },
        "quality": {
          "f1_score": 1.0,
          "precision_at_10": 1.0,
          "recall_at_10": 1.0
        },
        "search": {
          "avg_latency_ms": 0.8077098000000009,
          "p50_latency_ms": 0.7866000000000001,
          "p95_latency_ms": 0.9178,
          "p99_latency_ms": 1.031,
          "throughput_queries_per_sec": 1238.0684250704894,
          "total_queries": 500,
          "total_time_ms": 403.85490000000004
        },
        "system_name": "Qdrant"
      },
      "query_count": 500,
      "vector_count": 5000,
      "vectorizer": {
        "insertion": {
          "avg_latency_ms": 1.4678012600000157,
          "p50_latency_ms": 0.222083,
          "p95_latency_ms": 13.804455,
          "p99_latency_ms": 23.073902999999994,
          "throughput_vectors_per_sec": 681.2911442793011,
          "total_time_ms": 7339.0063,
          "total_vectors": 5000
        },
        "memory": {
          "memory_per_vector_bytes": 0.0,
          "memory_usage_mb": 0.0
        },
        "quality": {
          "f1_score": 0.0,
          "precision_at_10": 0.0,
          "recall_at_10": 0.0
        },
        "search": {
          "avg_latency_ms": 0.1840263999999998,