{
  "dataset_size": 100000,
  "dimension": 512,
  "timestamp": "2025-10-01 19:35:33 UTC",
  "insert_single": {
    "operation": "Insert Single",
    "config": "Sequential, no batching",
    "total_operations": 1000,
    "total_time_ms": 217.0,
    "throughput_ops_per_sec": 4608.294930875576,
    "avg_latency_us": 216.865,
    "p50_latency_us": 220.0,
    "p95_latency_us": 285.0,
    "p99_latency_us": 337.0,
    "min_latency_us": 5.0,
    "max_latency_us": 395.0,
    "memory_before_mb": 0.0,
    "memory_after_mb": 1.959695816040039,
    "memory_delta_mb": 1.959695816040039
  },
  "insert_batch": {
    "operation": "Insert Batch",
    "config": "Batch sizes: [100, 500, 1000], parallel",
    "total_operations": 16000,
    "total_time_ms": 3611.0,
    "throughput_ops_per_sec": 4430.905566325117,
    "avg_latency_us": 119710.0,
    "p50_latency_us": 111476.0,
    "p95_latency_us": 266068.0,
    "p99_latency_us": 279845.0,
    "min_latency_us": 6490.0,
    "max_latency_us": 279845.0,
    "memory_before_mb": 0.0,
    "memory_after_mb": 0.0,
    "memory_delta_mb": 0.0
  },
  "search_k1": {
    "operation": "Search k=1",
    "config": "1000 queries on 100000 vectors",
    "total_operations": 1000,
    "total_time_ms": 12948.0,
    "throughput_ops_per_sec": 77.23200494284832,
    "avg_latency_us": 12947.744,
    "p50_latency_us": 12323.0,
    "p95_latency_us": 16778.0,
    "p99_latency_us": 21055.0,
    "min_latency_us": 10494.0,
    "max_latency_us": 27593.0,
    "memory_before_mb": 196.16021156311035,
    "memory_after_mb": 196.16021156311035,
    "memory_delta_mb": 0.0
  },
  "search_k10": {
    "operation": "Search k=10",
    "config": "1000 queries on 100000 vectors",
    "total_operations": 1000,
    "total_time_ms": 13953.0,
    "throughput_ops_per_sec": 71.66917508779474,
    "avg_latency_us": 13952.104,
    "p50_latency_us": 13052.0,
    "p95_latency_us": 20032.0,
    "p99_latency_us": 23587.0,
    "min_latency_us": 10591.0,
    "max_latency_us": 36095.0,
    "memory_before_mb": 196.16021156311035,
    "memory_after_mb": 196.16021156311035,
    "memory_delta_mb": 0.0
  },
  "search_k100": {
    "operation": "Search k=100",
    "config": "1000 queries on 100000 vectors",
    "total_operations": 1000,
    "total_time_ms": 16229.0,
    "throughput_ops_per_sec": 61.61809107153861,
    "avg_latency_us": 16228.513,
    "p50_latency_us": 15485.0,
    "p95_latency_us": 23086.0,
    "p99_latency_us": 27769.0,
    "min_latency_us": 11142.0,
    "max_latency_us": 32940.0,
    "memory_before_mb": 196.16021156311035,
    "memory_after_mb": 196.16021156311035,
    "memory_delta_mb": 0.0
  },
  "update_single": {
    "operation": "Update Single",
    "config": "Sequential updates",
    "total_operations": 500,
    "total_time_ms": 0.0,
    "throughput_ops_per_sec": null,
    "avg_latency_us": 0.056,
    "p50_latency_us": 0.0,
    "p95_latency_us": 1.0,
    "p99_latency_us": 1.0,
    "min_latency_us": 0.0,
    "max_latency_us": 3.0,
    "memory_before_mb": 196.16021156311035,
    "memory_after_mb": 195.18041610717773,
    "memory_delta_mb": 17592186044415.02
  },
  "update_batch": {
    "operation": "Update Batch",
    "config": "Batch size: 100, parallel",
    "total_operations": 1000,
    "total_time_ms": 433.0,
    "throughput_ops_per_sec": 2309.4688221709007,
    "avg_latency_us": 43347.1,
    "p50_latency_us": 59.0,
    "p95_latency_us": 432973.0,
    "p99_latency_us": 432973.0,
    "min_latency_us": 43.0,
    "max_latency_us": 432973.0,
    "memory_before_mb": 196.16021156311035,
    "memory_after_mb": 196.16021156311035,
    "memory_delta_mb": 0.0
  },
  "delete_single": {
    "operation": "Delete Single",
    "config": "Sequential deletes",
    "total_operations": 500,
    "total_time_ms": 0.0,
    "throughput_ops_per_sec": null,
    "avg_latency_us": 0.004,
    "p50_latency_us": 0.0,
    "p95_latency_us": 0.0,
    "p99_latency_us": 0.0,
    "min_latency_us": 0.0,
    "max_latency_us": 1.0,
    "memory_before_mb": 196.16021156311035,
    "memory_after_mb": 195.18041610717773,
    "memory_delta_mb": 17592186044415.02
  },
  "delete_batch": {
    "operation": "Delete Batch",
    "config": "Batch size: 100",
    "total_operations": 1000,
    "total_time_ms": 0.0,
    "throughput_ops_per_sec": null,
    "avg_latency_us": 20.4,
    "p50_latency_us": 20.0,
    "p95_latency_us": 23.0,
    "p99_latency_us": 23.0,
    "min_latency_us": 18.0,
    "max_latency_us": 23.0,
    "memory_before_mb": 196.16021156311035,
    "memory_after_mb": 194.2005157470703,
    "memory_delta_mb": 17592186044414.041
  },
  "concurrent_mixed": {
    "operation": "Concurrent Mixed",
    "config": "70% search, 20% insert, 10% delete",
    "total_operations": 1000,
    "total_time_ms": 9219.0,
    "throughput_ops_per_sec": 108.47163466753445,
    "avg_latency_us": 9217.675,
    "p50_latency_us": 11560.0,
    "p95_latency_us": 17115.0,
    "p99_latency_us": 21256.0,
    "min_latency_us": 0.0,
    "max_latency_us": 25060.0,
    "memory_before_mb": 196.16021156311035,
    "memory_after_mb": 196.35226154327393,
    "memory_delta_mb": 0.19204998016357422
  }
}