{
  "timestamp": "2025-10-26 02:22:32 UTC",
  "dataset_size": 10000,
  "test_dimensions": [
    64,
    128,
    256,
    512,
    768,
    1024,
    1536
  ],
  "results": [
    {
      "dimension": 64,
      "dataset_size": 10000,
      "index_build_time_ms": 594.0,
      "vectors_per_second": 16835.016835016835,
      "index_memory_mb": 2.44140625,
      "bytes_per_vector": 256.0,
      "memory_efficiency": 4096.0,
      "avg_search_latency_us": 408.0,
      "p95_search_latency_us": 558.0,
      "p99_search_latency_us": 558.0,
      "search_throughput_qps": 2500.0,
      "map_score": 0.029345238581299782,
      "recall_at_10": 0.07678571343421936,
      "quality_per_mb": 0.01201980972290039,
      "speed_per_mb": 1024.0,
      "quality_per_us": 0.00007192460436593083
    },
    {
      "dimension": 128,
      "dataset_size": 10000,
      "index_build_time_ms": 1054.0,
      "vectors_per_second": 9487.666034155598,
      "index_memory_mb": 4.8828125,
      "bytes_per_vector": 512.0,
      "memory_efficiency": 2048.0,
      "avg_search_latency_us": 664.8,
      "p95_search_latency_us": 683.0,
      "p99_search_latency_us": 683.0,
      "search_throughput_qps": 1428.5714285714284,
      "map_score": 0.03774206340312958,
      "recall_at_10": 0.15742065012454987,
      "quality_per_mb": 0.007729574584960938,
      "speed_per_mb": 292.57142857142856,
      "quality_per_us": 0.00005677205686391333
    },
    {
      "dimension": 256,
      "dataset_size": 10000,
      "index_build_time_ms": 2317.0,
      "vectors_per_second": 4315.9257660768235,
      "index_memory_mb": 9.765625,
      "bytes_per_vector": 1024.0,
      "memory_efficiency": 1024.0,
      "avg_search_latency_us": 642.0,
      "p95_search_latency_us": 704.0,
      "p99_search_latency_us": 704.0,
      "search_throughput_qps": 1428.5714285714284,
      "map_score": 0.017000000923871994,
      "recall_at_10": 0.0533333346247673,
      "quality_per_mb": 0.0017408000946044922,
      "speed_per_mb": 146.28571428571428,
      "quality_per_us": 0.000026479752217869148
    },
    {
      "dimension": 512,
      "dataset_size": 10000,
      "index_build_time_ms": 4145.0,
      "vectors_per_second": 2412.5452352231605,
      "index_memory_mb": 19.53125,
      "bytes_per_vector": 2048.0,
      "memory_efficiency": 512.0,
      "avg_search_latency_us": 829.5,
      "p95_search_latency_us": 925.0,
      "p99_search_latency_us": 925.0,
      "search_throughput_qps": 1111.111111111111,
      "map_score": 0.053412698209285736,
      "recall_at_10": 0.2341269999742508,
      "quality_per_mb": 0.0027347301483154297,
      "speed_per_mb": 56.888888888888886,
      "quality_per_us": 0.00006439143846809613
    },
    {
      "dimension": 768,
      "dataset_size": 10000,
      "index_build_time_ms": 6106.0,
      "vectors_per_second": 1637.7333770062235,
      "index_memory_mb": 29.296875,
      "bytes_per_vector": 3072.0,
      "memory_efficiency": 341.3333333333333,
      "avg_search_latency_us": 895.2,
      "p95_search_latency_us": 1227.0,
      "p99_search_latency_us": 1227.0,
      "search_throughput_qps": 1000.0,
      "map_score": 0.013928571715950966,
      "recall_at_10": 0.13928571343421936,
      "quality_per_mb": 0.000475428581237793,
      "speed_per_mb": 34.13333333333333,
      "quality_per_us": 0.000015559173051777218
    },
    {
      "dimension": 1024,
      "dataset_size": 10000,
      "index_build_time_ms": 7327.0,
      "vectors_per_second": 1364.8150675583458,
      "index_memory_mb": 39.0625,
      "bytes_per_vector": 4096.0,
      "memory_efficiency": 256.0,
      "avg_search_latency_us": 875.9,
      "p95_search_latency_us": 1003.0,
      "p99_search_latency_us": 1003.0,
      "search_throughput_qps": 1000.0,
      "map_score": 0.011666666716337204,
      "recall_at_10": 0.11666665971279144,
      "quality_per_mb": 0.0002986666679382324,
      "speed_per_mb": 25.6,
      "quality_per_us": 0.00001331963319595525
    },
    {
      "dimension": 1536,
      "dataset_size": 10000,
      "index_build_time_ms": 7747.0,
      "vectors_per_second": 1290.822253775655,
      "index_memory_mb": 58.59375,
      "bytes_per_vector": 6144.0,
      "memory_efficiency": 170.66666666666666,
      "avg_search_latency_us": 1055.4,
      "p95_search_latency_us": 1141.0,
      "p99_search_latency_us": 1141.0,
      "search_throughput_qps": 833.3333333333334,
      "map_score": 0.1068015918135643,
      "recall_at_10": 0.2922222316265106,
      "quality_per_mb": 0.0018227471669514973,
      "speed_per_mb": 14.222222222222223,
      "quality_per_us": 0.0001011953684039836
    }
  ],
  "recommendations": {
    "optimal_dimension": 1536,
    "memory_efficient_dimension": 64,
    "speed_efficient_dimension": 64,
    "quality_efficient_dimension": 64,
    "balanced_dimension": 64,
    "dimension_guidelines": [
      {
        "use_case": "Low Latency Applications",
        "recommended_dimension": 64,
        "reasoning": "Lowest search latency: 408μs",
        "trade_offs": "May sacrifice some quality for speed"
      },
      {
        "use_case": "High Quality Applications",
        "recommended_dimension": 1536,
        "reasoning": "Highest MAP score: 0.1068",
        "trade_offs": "May require more memory and computation"
      },
      {
        "use_case": "Memory Constrained Applications",
        "recommended_dimension": 64,
        "reasoning": "Highest memory efficiency: 4096 vectors/MB",
        "trade_offs": "May sacrifice quality for memory efficiency"
      },
      {
        "use_case": "High Throughput Applications",
        "recommended_dimension": 64,
        "reasoning": "Highest throughput: 2500 QPS",
        "trade_offs": "May require more memory for optimal performance"
      }
    ]
  }
}