{
  "timestamp": "2025-10-04 05:40:40 UTC",
  "dimension": 512,
  "test_sizes": [
    1000,
    5000,
    10000,
    25000,
    50000,
    100000
  ],
  "backends": [
    "Cpu",
    "Vulkan",
    "DirectX12"
  ],
  "results": [
    {
      "dataset_size": 1000,
      "dimension": 512,
      "backend": "Cpu",
      "backend_type": "cpu",
      "index_build_time_ms": 579.0,
      "vectors_per_second": 1726.4665772472079,
      "index_memory_mb": 2.05230712890625,
      "bytes_per_vector": 2048.0,
      "avg_search_latency_us": 479.2,
      "p95_search_latency_us": 513.0,
      "p99_search_latency_us": 513.0,
      "search_throughput_qps": 2500.0,
      "map_score": 0.010290343915343916,
      "recall_at_10": 0.013833333333333336,
      "gpu_memory_usage_mb": 0.0,
      "cpu_memory_usage_mb": 2.05230712890625,
      "gpu_utilization": 0.0,
      "memory_efficiency": 0.005014037017367873,
      "speed_efficiency": 1247376.654275093,
      "gpu_speedup": 1.0
    },
    {
      "dataset_size": 1000,
      "dimension": 512,
      "backend": "Vulkan",
      "backend_type": "vulkan",
      "index_build_time_ms": 576.0,
      "vectors_per_second": 1734.1547677637277,
      "index_memory_mb": 2.0599365234375,
      "bytes_per_vector": 2048.0,
      "avg_search_latency_us": 419.8,
      "p95_search_latency_us": 432.0,
      "p99_search_latency_us": 432.0,
      "search_throughput_qps": 2500.0,
      "map_score": 0.01024404761904762,
      "recall_at_10": 0.0125,
      "gpu_memory_usage_mb": 1.64794921875,
      "cpu_memory_usage_mb": 0.4119873046875,
      "gpu_utilization": 85.0,
      "memory_efficiency": 0.004972991887125221,
      "speed_efficiency": 1242756.7407407407,
      "gpu_speedup": 1.0
    },
    {
      "dataset_size": 1000,
      "dimension": 512,
      "backend": "DirectX12",
      "backend_type": "directx12",
      "index_build_time_ms": 573.0,
      "vectors_per_second": 1744.868472686963,
      "index_memory_mb": 2.0599365234375,
      "bytes_per_vector": 2048.0,
      "avg_search_latency_us": 500.1,
      "p95_search_latency_us": 626.0,
      "p99_search_latency_us": 626.0,
      "search_throughput_qps": 2000.0,
      "map_score": 0.013413359788359785,
      "recall_at_10": 0.015999999999999997,
      "gpu_memory_usage_mb": 1.64794921875,
      "cpu_memory_usage_mb": 0.4119873046875,
      "gpu_utilization": 85.0,
      "memory_efficiency": 0.0065115403488144215,
      "speed_efficiency": 994205.3925925926,
      "gpu_speedup": 1.0
    },
    {
      "dataset_size": 5000,
      "dimension": 512,
      "backend": "Cpu",
      "backend_type": "cpu",
      "index_build_time_ms": 8402.0,
      "vectors_per_second": 595.0942807869051,
      "index_memory_mb": 10.26153564453125,
      "bytes_per_vector": 2048.0,
      "avg_search_latency_us": 1392.0,
      "p95_search_latency_us": 1752.0,
      "p99_search_latency_us": 1752.0,
      "search_throughput_qps": 714.2857142857142,
      "map_score": 0.0023997486772486774,
      "recall_at_10": 0.0032,
      "gpu_memory_usage_mb": 0.0,
      "cpu_memory_usage_mb": 10.26153564453125,
      "gpu_utilization": 0.0,
      "memory_efficiency": 0.0002338586309474637,
      "speed_efficiency": 71278.66595857673,
      "gpu_speedup": 1.0
    },
    {
      "dataset_size": 5000,
      "dimension": 512,
      "backend": "Vulkan",
      "backend_type": "vulkan",
      "index_build_time_ms": 8811.0,
      "vectors_per_second": 567.4225359009657,
      "index_memory_mb": 10.2996826171875,
      "bytes_per_vector": 2048.0,
      "avg_search_latency_us": 2155.5,
      "p95_search_latency_us": 3032.0,
      "p99_search_latency_us": 3032.0,
      "search_throughput_qps": 454.54545454545456,
      "map_score": 0.002245634920634921,
      "recall_at_10": 0.0029000000000000002,
      "gpu_memory_usage_mb": 8.23974609375,
      "cpu_memory_usage_mb": 2.0599365234375,
      "gpu_utilization": 85.0,
      "memory_efficiency": 0.00021802952616108175,
      "speed_efficiency": 45191.15420875421,
      "gpu_speedup": 1.0
    },
    {
      "dataset_size": 5000,
      "dimension": 512,
      "backend": "DirectX12",
      "backend_type": "directx12",
      "index_build_time_ms": 8873.0,
      "vectors_per_second": 563.452282955955,
      "index_memory_mb": 10.2996826171875,
      "bytes_per_vector": 2048.0,
      "avg_search_latency_us": 1510.6,
      "p95_search_latency_us": 1944.0,
      "p99_search_latency_us": 1944.0,
      "search_throughput_qps": 666.6666666666667,
      "map_score": 0.002909907407407407,
      "recall_at_10": 0.004233333333333334,
      "gpu_memory_usage_mb": 8.23974609375,
      "cpu_memory_usage_mb": 2.0599365234375,
      "gpu_utilization": 85.0,
      "memory_efficiency": 0.0002825239879286694,
      "speed_efficiency": 66280.35950617284,
      "gpu_speedup": 1.0
    },
    {
      "dataset_size": 10000,
      "dimension": 512,
      "backend": "Cpu",
      "backend_type": "cpu",
      "index_build_time_ms": 28172.0,
      "vectors_per_second": 354.9595377895799,
      "index_memory_mb": 20.5230712890625,
      "bytes_per_vector": 2048.0,
      "avg_search_latency_us": 3079.2,
      "p95_search_latency_us": 4125.0,
      "p99_search_latency_us": 4125.0,
      "search_throughput_qps": 312.5,
      "map_score": 0.0011521230158730157,
      "recall_at_10": 0.0015500000000000002,
      "gpu_memory_usage_mb": 0.0,
      "cpu_memory_usage_mb": 20.5230712890625,
      "gpu_utilization": 0.0,
      "memory_efficiency": 0.000056137943470820785,
      "speed_efficiency": 15592.208178438661,
      "gpu_speedup": 1.0
    },
    {
      "dataset_size": 10000,
      "dimension": 512,
      "backend": "Vulkan",
      "backend_type": "vulkan",
      "index_build_time_ms": 27854.0,
      "vectors_per_second": 359.0119554427677,
      "index_memory_mb": 20.599365234375,
      "bytes_per_vector": 2048.0,
      "avg_search_latency_us": 2730.0,
      "p95_search_latency_us": 3813.0,
      "p99_search_latency_us": 3813.0,
      "search_throughput_qps": 357.1428571428571,
      "map_score": 0.001307480158730159,
      "recall_at_10": 0.0016666666666666666,
      "gpu_memory_usage_mb": 16.4794921875,
      "cpu_memory_usage_mb": 4.119873046875,
      "gpu_utilization": 85.0,
      "memory_efficiency": 0.00006347186643151089,
      "speed_efficiency": 17753.667724867722,
      "gpu_speedup": 1.0
    },
    {
      "dataset_size": 10000,
      "dimension": 512,
      "backend": "DirectX12",
      "backend_type": "directx12",
      "index_build_time_ms": 27878.0,
      "vectors_per_second": 358.7053468877275,
      "index_memory_mb": 20.599365234375,
      "bytes_per_vector": 2048.0,
      "avg_search_latency_us": 3479.0,
      "p95_search_latency_us": 4919.0,
      "p99_search_latency_us": 4919.0,
      "search_throughput_qps": 277.77777777777777,
      "map_score": 0.0010256150793650793,
      "recall_at_10": 0.0013000000000000002,
      "gpu_memory_usage_mb": 16.4794921875,
      "cpu_memory_usage_mb": 4.119873046875,
      "gpu_utilization": 85.0,
      "memory_efficiency": 0.00004978867395649617,
      "speed_efficiency": 13808.408230452675,
      "gpu_speedup": 1.0
    },
    {
      "dataset_size": 25000,
      "dimension": 512,
      "backend": "Cpu",
      "backend_type": "cpu",
      "index_build_time_ms": 108065.0,
      "vectors_per_second": 231.34166693199242,
      "index_memory_mb": 51.30767822265625,
      "bytes_per_vector": 2048.0,
      "avg_search_latency_us": 7660.2,
      "p95_search_latency_us": 10190.0,
      "p99_search_latency_us": 10190.0,
      "search_throughput_qps": 123.45679012345678,
      "map_score": 0.0006668915343915344,
      "recall_at_10": 0.0008066666666666668,
      "gpu_memory_usage_mb": 0.0,
      "cpu_memory_usage_mb": 51.30767822265625,
      "gpu_utilization": 0.0,
      "memory_efficiency": 0.000012997889545838988,
      "speed_efficiency": 2463.9538849878377,
      "gpu_speedup": 1.0
    },
    {
      "dataset_size": 25000,
      "dimension": 512,
      "backend": "Vulkan",