{
  "timestamp": "2025-10-04 08:38:26 UTC",
  "dimension": 512,
  "test_sizes": [
    1000,
    5000,
    10000,
    25000,
    50000,
    100000
  ],
  "backends": [
    "Vulkan",
    "DirectX12"
  ],
  "results": [
    {
      "dataset_size": 1000,
      "dimension": 512,
      "backend": "Vulkan",
      "backend_type": "vulkan",
      "index_build_time_ms": 123.0,
      "vectors_per_second": 8077.778995278579,
      "index_memory_mb": 346.49578857421875,
      "bytes_per_vector": 2048.0,
      "avg_search_latency_us": 2022.5,
      "p95_search_latency_us": 2305.0,
      "p99_search_latency_us": 2305.0,
      "search_throughput_qps": 500.0,
      "map_score": 0.015000000000000003,
      "recall_at_10": 0.015000000000000003,
      "gpu_memory_usage_mb": 277.19663085937503,
      "cpu_memory_usage_mb": 69.29915771484376,
      "gpu_utilization": 85.0,
      "memory_efficiency": 0.00004329056945171797,
      "speed_efficiency": 1477.6514372853064,
      "gpu_speedup": 1.0
    },
    {
      "dataset_size": 1000,
      "dimension": 512,
      "backend": "DirectX12",
      "backend_type": "directx12",
      "index_build_time_ms": 129.0,
      "vectors_per_second": 7695.472129643341,
      "index_memory_mb": 346.49578857421875,
      "bytes_per_vector": 2048.0,
      "avg_search_latency_us": 2043.2,
      "p95_search_latency_us": 2315.0,
      "p99_search_latency_us": 2315.0,
      "search_throughput_qps": 500.0,
      "map_score": 0.015000000000000003,
      "recall_at_10": 0.015000000000000003,
      "gpu_memory_usage_mb": 277.19663085937503,
      "cpu_memory_usage_mb": 69.29915771484376,
      "gpu_utilization": 85.0,
      "memory_efficiency": 0.00004329056945171797,
      "speed_efficiency": 1477.6514372853064,
      "gpu_speedup": 1.0
    },
    {
      "dataset_size": 5000,
      "dimension": 512,
      "backend": "Vulkan",
      "backend_type": "vulkan",
      "index_build_time_ms": 630.0,
      "vectors_per_second": 7933.736770406665,
      "index_memory_mb": 346.83148193359375,
      "bytes_per_vector": 2048.0,
      "avg_search_latency_us": 1943.7,
      "p95_search_latency_us": 2135.0,
      "p99_search_latency_us": 2135.0,
      "search_throughput_qps": 500.0,
      "map_score": 0.003,
      "recall_at_10": 0.003,
      "gpu_memory_usage_mb": 277.46518554687503,
      "cpu_memory_usage_mb": 69.36629638671876,
      "gpu_utilization": 85.0,
      "memory_efficiency": 8.649733822532282e-6,
      "speed_efficiency": 1476.2212390455095,
      "gpu_speedup": 1.0
    },
    {
      "dataset_size": 5000,
      "dimension": 512,
      "backend": "DirectX12",
      "backend_type": "directx12",
      "index_build_time_ms": 609.0,
      "vectors_per_second": 8199.287957435201,
      "index_memory_mb": 346.83148193359375,
      "bytes_per_vector": 2048.0,
      "avg_search_latency_us": 2016.3,
      "p95_search_latency_us": 2196.0,
      "p99_search_latency_us": 2196.0,
      "search_throughput_qps": 500.0,
      "map_score": 0.003,
      "recall_at_10": 0.003,
      "gpu_memory_usage_mb": 277.46518554687503,
      "cpu_memory_usage_mb": 69.36629638671876,
      "gpu_utilization": 85.0,
      "memory_efficiency": 8.649733822532282e-6,
      "speed_efficiency": 1476.2212390455095,
      "gpu_speedup": 1.0
    },
    {
      "dataset_size": 10000,
      "dimension": 512,
      "backend": "Vulkan",
      "backend_type": "vulkan",
      "index_build_time_ms": 1324.0,
      "vectors_per_second": 7550.33791601521,
      "index_memory_mb": 347.2510986328125,
      "bytes_per_vector": 2048.0,
      "avg_search_latency_us": 2126.2,
      "p95_search_latency_us": 2247.0,
      "p99_search_latency_us": 2247.0,
      "search_throughput_qps": 434.7826086956522,
      "map_score": 0.0015,
      "recall_at_10": 0.0015,
      "gpu_memory_usage_mb": 277.80087890625003,
      "cpu_memory_usage_mb": 69.45021972656251,
      "gpu_utilization": 85.0,
      "memory_efficiency": 4.319640761125764e-6,
      "speed_efficiency": 1282.11946069356,
      "gpu_speedup": 1.0
    },
    {
      "dataset_size": 10000,
      "dimension": 512,
      "backend": "DirectX12",
      "backend_type": "directx12",
      "index_build_time_ms": 1416.0,
      "vectors_per_second": 7060.447628397548,
      "index_memory_mb": 347.2510986328125,
      "bytes_per_vector": 2048.0,
      "avg_search_latency_us": 2155.7,
      "p95_search_latency_us": 2572.0,
      "p99_search_latency_us": 2572.0,
      "search_throughput_qps": 434.7826086956522,
      "map_score": 0.0015,
      "recall_at_10": 0.0015,
      "gpu_memory_usage_mb": 277.80087890625003,
      "cpu_memory_usage_mb": 69.45021972656251,
      "gpu_utilization": 85.0,
      "memory_efficiency": 4.319640761125764e-6,
      "speed_efficiency": 1282.11946069356,
      "gpu_speedup": 1.0
    },
    {
      "dataset_size": 25000,
      "dimension": 512,
      "backend": "Vulkan",
      "backend_type": "vulkan",
      "index_build_time_ms": 3192.0,
      "vectors_per_second": 7830.947242507796,
      "index_memory_mb": 348.50994873046875,
      "bytes_per_vector": 2048.0,
      "avg_search_latency_us": 2232.6,
      "p95_search_latency_us": 2407.0,
      "p99_search_latency_us": 2407.0,
      "search_throughput_qps": 370.3703703703704,
      "map_score": 0.0006000000000000001,
      "recall_at_10": 0.0006000000000000001,
      "gpu_memory_usage_mb": 278.80795898437503,
      "cpu_memory_usage_mb": 69.70198974609376,
      "gpu_utilization": 85.0,
      "memory_efficiency": 1.7216151280204317e-6,
      "speed_efficiency": 1088.2307969709395,
      "gpu_speedup": 1.0
    },
    {
      "dataset_size": 25000,
      "dimension": 512,
      "backend": "DirectX12",
      "backend_type": "directx12",
      "index_build_time_ms": 3173.0,
      "vectors_per_second": 7878.721769340759,
      "index_memory_mb": 348.50994873046875,
      "bytes_per_vector": 2048.0,
      "avg_search_latency_us": 2239.6,
      "p95_search_latency_us": 2448.0,
      "p99_search_latency_us": 2448.0,
      "search_throughput_qps": 370.3703703703704,
      "map_score": 0.0006000000000000001,
      "recall_at_10": 0.0006000000000000001,
      "gpu_memory_usage_mb": 278.80795898437503,
      "cpu_memory_usage_mb": 69.70198974609376,
      "gpu_utilization": 85.0,
      "memory_efficiency": 1.7216151280204317e-6,
      "speed_efficiency": 1088.2307969709395,
      "gpu_speedup": 1.0
    },
    {
      "dataset_size": 50000,
      "dimension": 512,
      "backend": "Vulkan",
      "backend_type": "vulkan",
      "index_build_time_ms": 6638.0,
      "vectors_per_second": 7532.360556043846,
      "index_memory_mb": 350.6080322265625,
      "bytes_per_vector": 2048.0,
      "avg_search_latency_us": 2317.5,
      "p95_search_latency_us": 2481.0,
      "p99_search_latency_us": 2481.0,
      "search_throughput_qps": 294.11764705882354,
      "map_score": 0.00030000000000000003,
      "recall_at_10": 0.00030000000000000003,
      "gpu_memory_usage_mb": 280.48642578125003,
      "cpu_memory_usage_mb": 70.12160644531251,
      "gpu_utilization": 85.0,
      "memory_efficiency": 8.556563809871314e-7,
      "speed_efficiency": 859.0118962066888,
      "gpu_speedup": 1.0
    },
    {
      "dataset_size": 50000,
      "dimension": 512,
      "backend": "DirectX12",
      "backend_type": "directx12",
      "index_build_time_ms": 6380.0,
      "vectors_per_second": 7835.84931521223,
      "index_memory_mb": 350.6080322265625,
      "bytes_per_vector": 2048.0,
      "avg_search_latency_us": 2338.1,
      "p95_search_latency_us": 2937.0,
      "p99_search_latency_us": 2937.0,
      "search_throughput_qps": 303.030303030303,
      "map_score": 0.00030000000000000003,
      "recall_at_10": 0.00030000000000000003,
      "gpu_memory_usage_mb": 280.48642578125003,
      "cpu_memory_usage_mb": 70.12160644531251,
      "gpu_utilization": 85.0,
      "memory_efficiency": 8.556563809871314e-7,
      "speed_efficiency": 885.0425597281035,
      "gpu_speedup": 1.0
    },
    {
      "dataset_size": 100000,